termino,coef,std_err,p_valor
Intercept,5.460507072361176,0.03379310005820736,0.0
C(Price)[T.100],-1.3444137832228653,0.02543184064941604,0.0
C(Price)[T.150],-4.108241734022633,0.02611234659245906,0.0
C(Baggage)[T.20 kg],1.6948919044676778,0.024036905578347745,0.0
C(Seat)[T.Seat Selection],0.5457075847293251,0.021682719986590566,5.557407790178264e-138
C(Flight)[T.Direct],3.051530266871311,0.024551836712440125,0.0
C(Flexible)[T.Yes],0.3591275858159024,0.022822439931588098,1.631732335819364e-55
C(Departure)[T.Afternoon],-0.5499813578659639,0.02579609031157934,6.222334419257374e-100
C(Departure)[T.Evening],-0.4393847293226537,0.027401702159848017,1.4514818551914198e-57
